battery_id,cycle_index,y_true,y_pred,stage_value,fold,lower_bound,upper_bound,life_stage
B0006,6,105.0,102.42212484710377,0.9944044947624207,B0006,71.24650821199876,133.5977414822088,early
B0006,7,104.0,99.66789261483038,0.9943839311599731,B0006,68.49227597972536,130.84350924993538,early
B0006,8,103.0,98.15493839960567,0.994293212890625,B0006,66.97932176450065,129.3305550347107,early
B0006,9,102.0,96.97575633730384,0.9880834221839905,B0006,65.80013970219882,128.15137297240886,early
B0006,10,101.0,95.21335531158277,0.9724074006080627,B0006,64.03773867647776,126.38897194668779,early
B0006,11,100.0,96.16445700115752,0.9720994234085083,B0006,64.9888403660525,127.34007363626253,early
B0006,12,99.0,94.60578389231486,0.9666982889175415,B0006,63.430167257209845,125.78140052741988,early
B0006,13,98.0,93.1240504996626,0.9609532952308655,B0006,61.948433864557586,124.29966713476762,early
B0006,14,97.0,92.35301374516881,0.9555950164794922,B0006,61.177397110063794,123.52863038027382,early
B0006,15,96.0,89.65688152081347,0.9499295949935913,B0006,58.481264885708455,120.83249815591849,early
B0006,16,95.0,86.8035483924881,0.9443038702011108,B0006,55.62793175738308,117.97916502759311,early
B0006,17,94.0,86.81360401268144,0.9389581680297852,B0006,55.63798737757642,117.98922064778645,early
B0006,18,93.0,85.25197616416742,0.9330965876579285,B0006,54.0763595290624,116.42759279927243,early
B0006,19,92.0,83.89640563603345,0.927702784538269,B0006,52.720789000928434,115.07202227113847,early
B0006,20,91.0,95.09885618914282,0.927702784538269,B0006,63.923239554037806,126.27447282424784,early
B0006,21,90.0,94.58846741009,0.927702784538269,B0006,63.41285077498499,125.76408404519502,early
B0006,22,89.0,94.10577277513676,0.9610598683357239,B0006,62.93015614003174,125.28138941024177,early
B0006,23,88.0,94.47141166984483,0.9610598683357239,B0006,63.29579503473981,125.64702830494984,early
B0006,24,87.0,92.99310418788362,0.9611419439315796,B0006,61.8174875527786,124.16872082298863,early
B0006,25,86.0,92.30055159055027,0.9610598683357239,B0006,61.124934955445255,123.47616822565529,early
B0006,26,85.0,89.10822136977319,0.9504067301750183,B0006,57.932604734668175,120.2838380048782,early
B0006,27,84.0,88.96989148268307,0.93912672996521,B0006,57.79427484757805,120.14550811778808,early
B0006,28,83.0,87.69155136511114,0.9278982877731323,B0006,56.51593473000612,118.86716800021615,early
B0006,29,82.0,85.93106216408856,0.9227773547172546,B0006,54.75544552898354,117.10667879919357,early
B0006,30,81.0,84.78503352297733,0.9173061847686768,B0006,53.609416887872314,115.96065015808234,early
B0006,31,80.0,86.62250979105968,0.9173061847686768,B0006,55.44689315595467,117.7981264261647,early
B0006,32,79.0,85.43552427588956,0.9173061847686768,B0006,54.25990764078455,116.61114091099458,early
B0006,33,78.0,85.02553308749759,0.9173061847686768,B0006,53.84991645239258,116.20114972260261,early
B0006,34,77.0,85.48133569952249,0.9173061847686768,B0006,54.305719064417474,116.6569523346275,early
B0006,35,76.0,85.8844178141905,0.9163419604301453,B0006,54.708801179085484,117.06003444929551,early
B0006,36,75.0,81.7044453108377,0.9084267020225525,B0006,50.52882867573268,112.88006194594271,early
B0006,37,74.0,82.37789467470895,0.8981971144676208,B0006,71.21481693561716,93.54097241380074,mid
B0006,38,73.0,81.00948492718169,0.8956966400146484,B0006,69.8464071880899,92.17256266627348,mid
B0006,39,72.0,80.2127565828601,0.8876087665557861,B0006,69.0496788437683,91.37583432195188,mid
B0006,40,71.0,78.62220707308882,0.8796582221984863,B0006,67.45912933399703,89.7852848121806,mid
B0006,41,70.0,76.25798870795259,0.8747231960296631,B0006,65.0949109688608,87.42106644704438,mid
B0006,42,69.0,74.71138552883255,0.8695164918899536,B0006,63.548307789740754,85.87446326792434,mid
B0006,43,68.0,70.05485166781123,0.8666545152664185,B0006,58.89177392871944,81.21792940690304,mid
B0006,44,67.0,71.40381228479345,0.8666545152664185,B0006,60.24073454570165,82.56689002388524,mid
B0006,45,66.0,71.02677316431698,0.8644885420799255,B0006,59.86369542522518,82.18985090340877,mid
B0006,46,65.0,69.85113591034472,0.8591548800468445,B0006,58.688058171252926,81.01421364943653,mid
B0006,47,64.0,67.81388258699722,0.8563377261161804,B0006,56.65080484790543,78.97696032608903,mid
B0006,48,63.0,66.98360227642306,0.8563377261161804,B0006,55.82052453733126,78.14668001551485,mid
B0006,49,62.0,67.76784420048985,0.8563377261161804,B0006,56.60476646139805,78.93092193958165,mid
B0006,50,61.0,68.15089538511165,0.8770683407783508,B0006,56.987817646019856,79.31397312420344,mid
B0006,51,60.0,67.3481123752545,0.8770683407783508,B0006,56.185034636162705,78.5111901143463,mid
B0006,52,59.0,67.44691220400375,0.8770683407783508,B0006,56.283834464911955,78.60998994309554,mid
B0006,53,58.0,65.53414171668544,0.861747145652771,B0006,54.37106397759364,76.69721945577723,mid
B0006,54,57.0,63.191010837315716,0.8540747761726379,B0006,52.02793309822392,74.35408857640752,mid
B0006,55,56.0,62.25853148828462,0.8436540365219116,B0006,51.09545374919282,73.42160922737642,mid
B0006,56,55.0,61.18312626020912,0.8384614586830139,B0006,50.020048521117324,72.34620399930091,mid
B0006,57,54.0,59.786546629495106,0.8307900428771973,B0006,48.62346889040331,70.94962436858691,mid
B0006,58,53.0,57.800356626861856,0.8255611658096313,B0006,46.63727888777006,68.96343436595365,mid
B0006,59,52.0,56.39392719139993,0.8202675580978394,B0006,45.230849452308135,67.55700493049173,mid
B0006,60,51.0,55.48054138051211,0.8155072331428528,B0006,44.31746364142031,66.6436191196039,mid
B0006,61,50.0,54.27419439249487,0.8100810647010803,B0006,43.11111665340307,65.43727213158667,mid
B0006,62,49.0,52.32662315675118,0.8046801686286926,B0006,41.163545417659385,63.48970089584298,mid
B0006,63,48.0,50.89277355987025,0.794628918170929,B0006,35.89277355987025,65.89277355987025,late
B0006,64,47.0,51.18487526374858,0.7919987440109253,B0006,36.18487526374858,66.18487526374858,late
B0006,65,46.0,50.09581020873449,0.7897498607635498,B0006,35.09581020873449,65.09581020873449,late
B0006,66,45.0,48.676123454803296,0.7841469645500183,B0006,33.676123454803296,63.676123454803296,late
B0006,67,44.0,47.81911185077724,0.7818475961685181,B0006,32.81911185077724,62.81911185077724,late
B0006,68,43.0,46.837938613534924,0.7740268707275391,B0006,31.837938613534924,61.837938613534924,late
B0006,69,42.0,44.91822957528689,0.7711656093597412,B0006,29.918229575286887,59.91822957528689,late
B0006,70,41.0,43.198637108095014,0.766140878200531,B0006,28.198637108095014,58.198637108095014,late
B0006,71,40.0,42.51179287567704,0.7609562873840332,B0006,27.51179287567704,57.51179287567704,late
B0006,72,39.0,41.41748761102707,0.7557617425918579,B0006,26.41748761102707,56.41748761102707,late
B0006,73,38.0,40.80271426855913,0.7533696293830872,B0006,25.80271426855913,55.80271426855913,late
B0006,74,37.0,39.172680100784035,0.7530450224876404,B0006,24.172680100784035,54.172680100784035,late
B0006,75,36.0,38.02279201251664,0.7480528950691223,B0006,23.02279201251664,53.02279201251664,late
B0006,76,35.0,37.38730994061803,0.7455054521560669,B0006,22.38730994061803,52.38730994061803,late
B0006,77,34.0,35.24022735963163,0.7428412437438965,B0006,20.240227359631632,50.24022735963163,late
B0006,78,33.0,33.048364104894226,0.7428412437438965,B0006,18.048364104894226,48.048364104894226,late
B0006,79,32.0,34.382730736211585,0.7428412437438965,B0006,19.382730736211585,49.382730736211585,late
B0006,80,31.0,33.311466171085115,0.7376663684844971,B0006,18.311466171085115,48.311466171085115,late
B0006,81,30.0,33.12066211016955,0.7353149652481079,B0006,18.120662110169548,48.12066211016955,late
B0006,82,29.0,31.216898171514558,0.7353149652481079,B0006,16.216898171514558,46.21689817151456,late
B0006,83,28.0,29.975111852431773,0.7302279472351074,B0006,14.975111852431773,44.97511185243177,late
B0006,84,27.0,29.106565437360644,0.7301380634307861,B0006,14.106565437360644,44.10656543736064,late
B0006,85,26.0,28.19939395241763,0.7276373505592346,B0006,13.19939395241763,43.19939395241763,late
B0006,86,25.0,28.046070730075687,0.7248228788375854,B0006,13.046070730075687,43.046070730075684,late
B0006,87,24.0,26.893384010082073,0.717121422290802,B0006,11.893384010082073,41.89338401008207,late
B0006,88,23.0,25.354761841006074,0.71697598695755,B0006,10.354761841006074,40.354761841006074,late
B0006,89,22.0,24.741284108921672,0.7147628664970398,B0006,9.741284108921672,39.741284108921676,late
B0006,90,21.0,25.47128038736787,0.7147628664970398,B0006,10.47128038736787,40.47128038736787,late
B0006,91,20.0,26.02563102898376,0.7147628664970398,B0006,11.02563102898376,41.02563102898376,late
B0006,92,19.0,26.182706927146263,0.7481300830841064,B0006,11.182706927146263,41.18270692714626,late
B0006,93,18.0,25.933745379898205,0.7481300830841064,B0006,10.933745379898205,40.933745379898205,late
B0006,94,17.0,26.961571374271223,0.7481300830841064,B0006,11.961571374271223,41.96157137427122,late
B0006,95,16.0,26.28076165679068,0.7403623461723328,B0006,11.28076165679068,41.28076165679068,late
B0006,96,15.0,25.71054527990283,0.7325251698493958,B0006,10.710545279902831,40.71054527990283,late
B0006,97,14.0,24.761835979444843,0.7275146842002869,B0006,9.761835979444843,39.76183597944484,late
B0006,98,13.0,24.230665552114903,0.7224738001823425,B0006,9.230665552114903,39.2306655521149,late
B0006,99,12.0,23.9333423169995,0.7170783281326294,B0006,8.9333423169995,38.9333423169995,late
B0006,100,11.0,23.295497737642684,0.7146239280700684,B0006,8.295497737642684,38.295497737642684,late
B0006,101,10.0,22.574214855127384,0.7119139432907104,B0006,7.574214855127384,37.57421485512738,late
B0006,102,9.0,22.633130834007204,0.7068910598754883,B0006,7.633130834007204,37.633130834007204,late
B0006,103,8.0,20.905819371280934,0.7043296098709106,B0006,5.905819371280934,35.905819371280934,late
B0006,104,7.0,20.11072651367967,0.7043296098709106,B0006,5.110726513679669,35.110726513679666,late
B0006,105,6.0,20.28274737849671,0.7043296098709106,B0006,5.282747378496708,35.28274737849671,late
B0006,106,5.0,19.48750540836961,0.7017000317573547,B0006,4.487505408369611,34.487505408369614,late
B0006,107,4.0,19.495772689990133,0.7017000317573547,B0006,4.495772689990133,34.49577268999013,late
B0006,108,3.0,19.217382122625928,0.6988921165466309,B0006,4.217382122625928,34.21738212262593,late
B0006,109,2.0,18.20527294686563,0.6962820291519165,B0006,3.2052729468656302,33.205272946865634,late
B0006,110,1.0,16.60887974401124,0.693904459476471,B0006,1.6088797440112401,31.60887974401124,late
B0006,111,0.0,16.12902081397997,0.6890872716903687,B0006,1.1290208139799702,31.12902081397997,late
B0018,6,93.0,90.79722986351938,0.9929781556129456,B0018,59.62161322841436,121.97284649862439,early
B0018,7,92.0,88.90843337867693,0.9918801188468933,B0018,57.73281674357192,120.08405001378195,early
B0018,8,91.0,87.15747277536946,0.9907180666923523,B0018,55.98185614026444,118.33308941047447,early
B0018,9,90.0,85.43014346803795,0.9867478609085083,B0018,54.25452683293294,116.60576010314297,early
B0018,10,89.0,87.9914016708695,0.9867478609085083,B0018,56.81578503576448,119.16701830597451,early
B0018,11,88.0,89.06357821272768,0.9834800958633423,B0018,57.88796157762266,120.23919484783269,early
B0018,12,87.0,88.15143731764476,0.9818304181098938,B0018,56.97582068253975,119.32705395274978,early
B0018,13,86.0,86.79295410167711,0.9778028130531311,B0018,55.617337466572096,117.96857073678213,early
B0018,14,85.0,85.30487280134597,0.9778028130531311,B0018,54.12925616624095,116.48048943645098,early
B0018,15,84.0,83.93841799464948,0.9703001379966736,B0018,52.76280135954447,115.1140346297545,early
B0018,16,83.0,81.91020899639918,0.9663050770759583,B0018,50.73459236129416,113.08582563150419,early
B0018,17,82.0,80.62879148509126,0.9649330973625183,B0018,49.45317484998624,111.80440812019627,early
B0018,18,81.0,79.56022061340659,0.9596614837646484,B0018,48.38460397830157,110.7358372485116,early
B0018,19,80.0,78.33116027654356,0.9582643508911133,B0018,47.15554364143854,109.50677691164857,early
B0018,20,79.0,82.90690189581537,0.9501372575759888,B0018,51.73128526071035,114.08251853092038,early
B0018,21,78.0,81.35439879800256,0.9461220502853394,B0018,50.17878216289755,112.53001543310758,early
B0018,22,77.0,78.88292245645799,0.9414868354797363,B0018,47.707305821352975,110.058539091563,early
B0018,23,76.0,77.01146641320602,0.9381557703018188,B0018,45.83584977810101,108.18708304831104,early
B0018,24,75.0,75.49193799564297,0.9272941946983337,B0018,44.316321360537955,106.66755463074799,early
B0018,25,74.0,75.41143041069371,0.9272941946983337,B0018,44.235813775588696,106.58704704579873,early
B0018,26,73.0,73.6314670401962,0.9272941946983337,B0018,42.455850405091184,104.80708367530121,early
B0018,27,72.0,72.61692907576523,0.933124840259552,B0018,41.44131244066021,103.79254571087024,early
B0018,28,71.0,71.55733580032998,0.933124840259552,B0018,40.381719165224965,102.732952435435,early
B0018,29,70.0,70.3312710250959,0.933124840259552,B0018,39.155654389990886,101.50688766020092,early
B0018,30,69.0,69.5193720185647,0.9274981021881104,B0018,38.34375538345968,100.69498865366971,early
B0018,31,68.0,67.62677992393809,0.920682966709137,B0018,36.45116328883307,98.8023965590431,early
B0018,32,67.0,65.79220495541213,0.9178485870361328,B0018,34.616588320307116,96.96782159051715,early
B0018,33,66.0,64.09005969784715,0.9112743735313416,B0018,32.91444306274214,95.26567633295217,early
B0018,34,65.0,63.198924740734455,0.9086055159568787,B0018,32.02330810562944,94.37454137583947,early
B0018,35,64.0,61.77968606511841,0.9023995399475098,B0018,30.604069430013396,92.95530270022343,early
B0018,36,63.0,59.893924720130514,0.8978860378265381,B0018,50.35735873499487,69.43049070526615,mid
B0018,37,62.0,58.099491258641876,0.8930268883705139,B0018,48.56292527350623,67.63605724377751,mid
B0018,38,61.0,55.95885348909391,0.8879045844078064,B0018,46.422287503958266,65.49541947422955,mid
B0018,39,60.0,54.16279711796628,0.8818788528442383,B0018,44.62623113283063,63.69936310310192,mid
B0018,40,59.0,54.702300118969916,0.8818788528442383,B0018,45.16573413383427,64.23886610410557,mid
B0018,41,58.0,53.74578921431755,0.8818788528442383,B0018,44.2092232291819,63.28235519945319,mid
B0018,42,57.0,52.61484608238947,0.8844439387321472,B0018,43.078280097253824,62.151412067525115,mid
B0018,43,56.0,50.91390943021387,0.8844439387321472,B0018,41.377343445078225,60.450475415349516,mid
B0018,44,55.0,49.86590882612261,0.8844439387321472,B0018,40.32934284098697,59.40247481125826,mid
B0018,45,54.0,47.55503530209892,0.8757928609848022,B0018,38.01846931696328,57.09160128723457,mid
B0018,46,53.0,48.090568234062275,0.8757928609848022,B0018,38.55400224892663,57.62713421919792,mid
B0018,47,52.0,48.03387570614701,0.8757928609848022,B0018,38.49730972101136,57.57044169128265,mid
B0018,48,51.0,47.57339256067884,0.9188168048858643,B0018,16.397775925573825,78.74900919578386,early
B0018,49,50.0,46.92167648337121,0.9188168048858643,B0018,15.746059848266192,78.09729311847622,early
B0018,50,49.0,46.478175253115545,0.9188168048858643,B0018,15.30255861801053,77.65379188822055,early
B0018,51,48.0,45.909046063783244,0.9090396761894226,B0018,14.733429428678228,77.08466269888825,early
B0018,52,47.0,44.76256880108359,0.9028806686401367,B0018,13.586952165978573,75.9381854361886,early
B0018,53,46.0,43.72198821059358,0.8997640609741211,B0018,34.185422225457934,53.258554195729225,mid
B0018,54,45.0,42.022328132960354,0.892273485660553,B0018,32.48576214782471,51.558894118096,mid
B0018,55,44.0,41.367658509524524,0.8808577060699463,B0018,31.83109252438888,50.90422449466017,mid
B0018,56,43.0,36.59868232296144,0.8808577060699463,B0018,27.062116337825792,46.13524830809708,mid
B0018,57,42.0,35.70374077232512,0.8808577060699463,B0018,26.167174787189474,45.240306757460765,mid
B0018,58,41.0,34.744957091103316,0.8740857839584351,B0018,25.20839110596767,44.28152307623896,mid
B0018,59,40.0,33.084864827239336,0.8740857839584351,B0018,23.54829884210369,42.62143081237498,mid
B0018,60,39.0,32.4944672500144,0.8740857839584351,B0018,22.957901264878757,42.03103323515005,mid
B0018,61,38.0,31.722776948566494,0.862616240978241,B0018,22.18621096343085,41.25934293370214,mid
B0018,62,37.0,29.660045323953085,0.8596388101577759,B0018,20.12347933881744,39.19661130908873,mid
B0018,63,36.0,28.3067012878544,0.8561038374900818,B0018,18.770135302718753,37.84326727299005,mid
B0018,64,35.0,26.56870398966516,0.847487211227417,B0018,17.032138004529514,36.105269974800805,mid
B0018,65,34.0,25.027096420644863,0.8428519368171692,B0018,15.490530435509218,34.563662405780505,mid
B0018,66,33.0,24.70281733102658,0.8345006108283997,B0018,15.166251345890934,34.239383316162225,mid
B0018,67,32.0,22.510895994157035,0.8301427364349365,B0018,12.97433000902139,32.04746197929268,mid
B0018,68,31.0,20.636962604415466,0.8298511505126953,B0018,11.10039661927982,30.17352858955111,mid
B0018,69,30.0,18.429409612173732,0.8247778415679932,B0018,8.892843627038086,27.965975597309377,mid
B0018,70,29.0,16.694324696964053,0.8162536025047302,B0018,7.157758711828407,26.230890682099698,mid
B0018,71,28.0,16.792233058866728,0.8162536025047302,B0018,7.255667073731082,26.328799044002373,mid
B0018,72,27.0,16.20276144673127,0.8162536025047302,B0018,6.666195461595624,25.739327431866915,mid
B0018,73,26.0,15.132274710115993,0.8134877681732178,B0018,5.595708724980348,24.66884069525164,mid
B0018,74,25.0,14.366240671699853,0.8133631944656372,B0018,4.829674686564207,23.902806656835498,mid
B0018,75,24.0,12.836922260908203,0.8133631944656372,B0018,3.3003562757725575,22.37348824604385,mid
B0018,76,23.0,12.101911241789267,0.808609127998352,B0018,2.5653452566536217,21.638477226924913,mid
B0018,77,22.0,10.174656224673598,0.8036819696426392,B0018,0.6380902395379522,19.711222209809243,mid
B0018,78,21.0,8.273221835017168,0.8022807836532593,B0018,0.0,17.809787820152813,mid
B0018,79,20.0,6.896969434200727,0.7983635067939758,B0018,0.0,22.505849178211967,late
B0018,80,19.0,5.291277598683365,0.7953897714614868,B0018,0.0,20.900157342694605,late
B0018,81,18.0,4.931025274643126,0.7900112867355347,B0018,0.0,20.539905018654366,late
B0018,82,17.0,2.8258047256091885,0.7871334552764893,B0018,0.0,18.43468446962043,late
B0018,83,16.0,1.2303121417977607,0.7844705581665039,B0018,0.0,16.839191885809,late
B0018,84,15.0,0.0,0.7815824747085571,B0018,0.0,15.60887974401124,late
B0018,85,14.0,0.0,0.779813826084137,B0018,0.0,15.60887974401124,late
B0018,86,13.0,0.0,0.779813826084137,B0018,0.0,15.60887974401124,late
B0018,87,12.0,0.0,0.779813826084137,B0018,0.0,15.60887974401124,late
B0018,88,11.0,0.0,0.7817442417144775,B0018,0.0,15.60887974401124,late
B0018,89,10.0,0.0,0.7817442417144775,B0018,0.0,15.60887974401124,late
B0018,90,9.0,0.0,0.7817442417144775,B0018,0.0,15.60887974401124,late
B0018,91,8.0,0.0,0.7817442417144775,B0018,0.0,15.60887974401124,late
B0018,92,7.0,0.0,0.773910641670227,B0018,0.0,15.60887974401124,late
B0018,93,6.0,0.0,0.7738791704177856,B0018,0.0,15.60887974401124,late
B0018,94,5.0,0.0,0.7692112922668457,B0018,0.0,15.60887974401124,late
B0018,95,4.0,0.0,0.7692112922668457,B0018,0.0,15.60887974401124,late
B0018,96,3.0,0.0,0.7669671773910522,B0018,0.0,15.60887974401124,late
B0018,97,2.0,0.0,0.7631123661994934,B0018,0.0,15.60887974401124,late
B0018,98,1.0,0.0,0.7616137266159058,B0018,0.0,15.60887974401124,late
B0018,99,0.0,0.0,0.7568320631980896,B0018,0.0,15.60887974401124,late
B0033,6,100.0,66.70604255634137,0.9737016558647156,B0033,58.224706856818884,75.18737825586386,early
B0033,7,99.0,65.22440827096038,0.9646399617195129,B0033,56.74307257143789,73.70574397048287,early
B0033,8,98.0,62.9990544943011,0.9558877348899841,B0033,54.51771879477861,71.48039019382358,early
B0033,9,97.0,62.44068198710711,0.9556917548179626,B0033,53.95934628758462,70.9220176866296,early
B0033,10,96.0,63.269882240152306,0.9556917548179626,B0033,54.78854654062982,71.7512179396748,early
B0033,11,95.0,63.16238726006825,0.9556917548179626,B0033,54.68105156054576,71.64372295959075,early
B0033,12,94.0,62.23957781008907,0.9704866409301758,B0033,53.75824211056658,70.72091350961156,early
B0033,13,93.0,60.53527835082417,0.9704866409301758,B0033,52.05394265130168,69.01661405034666,early
B0033,14,92.0,58.897670128348864,0.9704866409301758,B0033,50.416334428826374,67.37900582787135,early
B0033,15,91.0,58.86082026290854,0.9704866409301758,B0033,50.37948456338605,67.34215596243104,early
B0033,16,90.0,58.88137308951568,0.9704866409301758,B0033,50.40003738999319,67.36270878903817,early
B0033,17,89.0,58.67895118548938,0.9970819354057312,B0033,50.19761548596689,67.16028688501187,early
B0033,18,88.0,58.41203735913448,0.9970819354057312,B0033,49.93070165961199,66.89337305865698,early
B0033,19,87.0,57.867029941522745,0.9970819354057312,B0033,49.385694242000255,66.34836564104523,early
B0033,20,86.0,54.824383364894985,0.9872633218765259,B0033,46.343047665372495,63.305719064417474,early
B0033,21,85.0,54.96475308473428,0.9872633218765259,B0033,46.48341738521179,63.446088784256766,early
B0033,22,84.0,54.616575790217254,0.9871002435684204,B0033,46.135240090694765,63.097911489739744,early
B0033,23,83.0,53.9342282371531,0.9847936630249023,B0033,45.45289253763061,62.41556393667559,early
B0033,24,82.0,52.682200628413625,0.9814722537994385,B0033,44.200864928891136,61.163536327936114,early
B0033,25,81.0,52.23374513804373,0.9775243997573853,B0033,43.75240943852124,60.71508083756622,early
B0033,26,80.0,52.05246732153377,0.9749692678451538,B0033,43.57113162201128,60.53380302105626,early
B0033,27,79.0,51.39837462494207,0.9705843925476074,B0033,42.91703892541958,59.87971032446456,early
B0033,28,78.0,50.679341050122304,0.9693771600723267,B0033,42.198005350599814,59.16067674964479,early
B0033,29,77.0,49.833866420181984,0.9693771600723267,B0033,41.352530720659495,58.31520211970447,early
B0033,30,76.0,49.18942297351655,0.9590733647346497,B0033,40.70808727399406,57.67075867303904,early
B0033,31,75.0,49.40017750814981,0.9590733647346497,B0033,40.91884180862732,57.8815132076723,early
B0033,32,74.0,48.93466191672521,0.9590733647346497,B0033,40.45332621720272,57.4159976162477,early
B0033,33,73.0,48.41666166287632,0.9678153991699219,B0033,39.93532596335383,56.89799736239881,early
B0033,34,72.0,47.520934033574804,0.9678153991699219,B0033,39.039598334052314,56.00226973309729,early
B0033,35,71.0,46.92124925905635,0.9678153991699219,B0033,38.43991355953386,55.40258495857884,early
B0033,36,70.0,47.37437303151529,0.9678153991699219,B0033,38.8930373319928,55.85570873103778,early
B0033,37,69.0,46.48882109137556,0.9678153991699219,B0033,38.00748539185307,54.97015679089805,early
B0033,38,68.0,45.925519797842334,0.9688777923583984,B0033,37.444184098319845,54.40685549736482,early
B0033,39,67.0,45.99716214049011,0.9775660634040833,B0033,37.51582644096762,54.4784978400126,early
B0033,40,66.0,47.036649447252756,0.9827688932418823,B0033,38.55531374773027,55.517985146775246,early
B0033,41,65.0,46.84969626000694,0.9827688932418823,B0033,38.36836056048445,55.331031959529426,early
B0033,42,64.0,46.10914018800646,0.9763825535774231,B0033,37.62780448848397,54.590475887528946,early
B0033,43,63.0,43.71903147993804,0.9763825535774231,B0033,35.23769578041555,52.20036717946053,early
B0033,44,62.0,44.69212010706354,0.9763825535774231,B0033,36.21078440754105,53.17345580658603,early
B0033,45,61.0,41.592071013535445,0.9724410176277161,B0033,33.110735314012956,50.073406713057935,early
B0033,46,60.0,41.04293650386816,0.9666513204574585,B0033,32.56160080434567,49.52427220339065,early
B0033,47,59.0,40.54918842344302,0.9666513204574585,B0033,32.06785272392053,49.03052412296551,early
B0033,48,58.0,39.89150969945134,0.9602294564247131,B0033,31.41017399992885,48.37284539897383,early
B0033,49,57.0,39.771929469185366,0.9543779492378235,B0033,31.290593769662877,48.253265168707856,early
B0033,50,56.0,36.25161271775138,0.9543779492378235,B0033,27.77027701822889,44.73294841727387,early
B0033,51,55.0,35.495889447188375,0.9543779492378235,B0033,27.014553747665886,43.977225146710865,early
B0033,52,54.0,35.10984217660209,0.9516435265541077,B0033,26.628506477079604,43.59117787612458,early
B0033,53,53.0,34.154758794650675,0.9516435265541077,B0033,25.673423095128186,42.636094494173165,early
B0033,54,52.0,33.2752829046743,0.9287109971046448,B0033,24.79394720515181,41.75661860419679,early
B0033,55,51.0,32.761557024465546,0.9287109971046448,B0033,24.280221324943057,41.242892723988035,early
B0033,56,50.0,31.65131123458868,0.9287109971046448,B0033,23.16997553506619,40.132646934111165,early
B0033,57,49.0,31.502080226875076,0.9329028725624084,B0033,23.020744527352587,39.98341592639757,early
B0033,58,48.0,30.866606185902977,0.9329028725624084,B0033,22.385270486380488,39.34794188542547,early
B0033,59,47.0,28.876448111552254,0.9329028725624084,B0033,20.395112412029764,37.35778381107474,early
B0033,60,46.0,29.57314267571739,0.9329028725624084,B0033,21.0918069761949,38.05447837523988,early
B0033,61,45.0,29.121011165678368,0.9329028725624084,B0033,20.63967546615588,37.60234686520086,early
B0033,62,44.0,28.434238603278974,0.9557003974914551,B0033,19.952902903756485,36.91557430280146,early
B0033,63,43.0,27.438847259388055,0.9557003974914551,B0033,18.957511559865566,35.920182958910544,early
B0033,64,42.0,26.893150764064337,0.9557003974914551,B0033,18.411815064541848,35.37448646358683,early
B0033,65,41.0,26.194107255549056,0.9349327683448792,B0033,17.712771556026567,34.675442955071546,early
B0033,66,40.0,26.070002838579203,0.9303891658782959,B0033,17.588667139056714,34.55133853810169,early
B0033,67,39.0,25.081364405364855,0.9303891658782959,B0033,16.600028705842366,33.56270010488734,early
B0033,68,38.0,24.340076151951507,0.926749050617218,B0033,15.858740452429018,32.821411851474,early
B0033,69,37.0,23.826586409181015,0.926749050617218,B0033,15.345250709658526,32.30792210870351,early
B0033,70,36.0,23.009114320288834,0.926749050617218,B0033,14.527778620766345,31.490450019811323,early
B0033,71,35.0,22.84015918970823,0.9123006463050842,B0033,14.358823490185742,31.32149488923072,early
B0033,72,34.0,21.747653431438682,0.9062467813491821,B0033,13.266317731916192,30.22898913096117,early
B0033,73,33.0,20.572922707704155,0.9015828967094421,B0033,12.091587008181666,29.054258407226644,early
B0033,74,32.0,19.89941031464142,0.8990164995193481,B0033,9.102171761372688,30.69664886791015,mid
B0033,75,31.0,18.99158680328605,0.896133303642273,B0033,8.19434825001732,29.78882535655478,mid
B0033,76,30.0,18.768524885184334,0.8897630572319031,B0033,7.9712863319156035,29.565763438453065,mid
B0033,77,29.0,18.524028395110243,0.8862687945365906,B0033,7.726789841841512,29.321266948378973,mid
B0033,78,28.0,18.047076293032,0.8854840397834778,B0033,7.249837739763269,28.84431484630073,mid
B0033,79,27.0,17.264807017538153,0.8822542428970337,B0033,6.467568464269423,28.062045570806884,mid
B0033,80,26.0,16.463434014864355,0.8797937631607056,B0033,5.666195461595624,27.260672568133085,mid
B0033,81,25.0,16.16496083445369,0.8775237202644348,B0033,5.36772228118496,26.96219938772242,mid
B0033,82,24.0,15.642844115963776,0.8751133680343628,B0033,4.845605562695045,26.440082669232506,mid
B0033,83,23.0,15.108301623339159,0.8751133680343628,B0033,4.311063070070428,25.90554017660789,mid
B0033,84,22.0,14.553074235346948,0.8775237202644348,B0033,3.7558356820782173,25.35031278861568,mid
B0033,85,21.0,13.927422208106265,0.8816933035850525,B0033,3.130183654837534,24.724660761374995,mid
B0033,86,20.0,13.747369334013086,0.8816933035850525,B0033,2.950130780744356,24.544607887281817,mid
B0033,87,19.0,12.897188833455488,0.8816933035850525,B0033,2.099950280186757,23.694427386724218,mid
B0033,88,18.0,12.083381302633356,0.8700461387634277,B0033,1.2861427493646254,22.880619855902086,mid
B0033,89,17.0,11.526161874231455,0.8664276599884033,B0033,0.7289233209627248,22.323400427500186,mid
B0033,90,16.0,10.62159390811815,0.8664276599884033,B0033,0.0,21.41883246138688,mid
B0033,91,15.0,10.281170317416837,0.8664276599884033,B0033,0.0,21.078408870685568,mid
B0033,92,14.0,9.551643741587597,0.8664276599884033,B0033,0.0,20.348882294856327,mid
B0033,93,13.0,8.489411209519758,0.8664276599884033,B0033,0.0,19.28664976278849,mid
B0033,94,12.0,8.019191994809105,0.8551988005638123,B0033,0.0,18.816430548077836,mid
B0033,95,11.0,7.35865139439732,0.8551988005638123,B0033,0.0,18.15588994766605,mid
B0033,96,10.0,6.821071468565108,0.8551988005638123,B0033,0.0,17.61831002183384,mid
B0033,97,9.0,6.027584957861841,0.8554600477218628,B0033,0.0,16.82482351113057,mid
B0033,98,8.0,5.260441635666879,0.8554600477218628,B0033,0.0,16.05768018893561,mid
B0033,99,7.0,4.542504937136606,0.8554600477218628,B0033,0.0,15.339743490405336,mid
B0033,100,6.0,3.823937142661407,0.8422930836677551,B0033,0.0,14.621175695930138,mid
B0033,101,5.0,3.360580590381211,0.8422930836677551,B0033,0.0,14.157819143649942,mid
B0033,102,4.0,2.7558545017681126,0.8422930836677551,B0033,0.0,13.553093055036843,mid
B0033,103,3.0,2.343515051158043,0.8478361964225769,B0033,0.0,13.140753604426774,mid
B0033,104,2.0,1.325992247561942,0.8478361964225769,B0033,0.0,12.123230800830672,mid
B0033,105,1.0,0.5340318711933705,0.8478361964225769,B0033,0.0,11.331270424462101,mid
B0033,106,0.0,0.19992759738598664,0.8311710357666016,B0033,0.0,10.997166150654717,mid
B0034,6,71.0,93.77198064479472,0.9718737602233887,B0034,62.6533537343104,124.89060755527905,early
B0034,7,70.0,89.13455516627,0.9048784375190735,B0034,58.01592825578568,120.25318207675433,early
B0034,8,69.0,85.27608434375558,0.9042574763298035,B0034,54.15745743327126,116.39471125423991,early
B0034,9,68.0,81.56494772477991,0.8948128819465637,B0034,70.35718078364664,92.77271466591318,mid
B0034,10,67.0,75.96396777394052,0.8865175247192383,B0034,64.75620083280725,87.1717347150738,mid
B0034,11,66.0,74.62725033554275,0.8800451755523682,B0034,63.41948339440948,85.83501727667603,mid
B0034,12,65.0,71.75297784351645,0.8776261210441589,B0034,60.545210902383175,82.96074478464972,mid
B0034,13,64.0,69.36769410214215,0.8747038841247559,B0034,58.15992716100888,80.57546104327542,mid
B0034,14,63.0,66.54114474686199,0.8716661334037781,B0034,55.333377805728716,77.74891168799526,mid
B0034,15,62.0,64.16133302372164,0.8716661334037781,B0034,52.95356608258837,75.36909996485491,mid
B0034,16,61.0,62.6453779759571,0.8716661334037781,B0034,51.43761103482383,73.85314491709038,mid
B0034,17,60.0,61.64336403778723,0.8770490884780884,B0034,50.43559709665396,72.85113097892051,mid
B0034,18,59.0,60.50749287290692,0.8904134035110474,B0034,49.29972593177365,71.7152598140402,mid
B0034,19,58.0,58.74171207564895,0.8904134035110474,B0034,47.533945134515676,69.94947901678222,mid
B0034,20,57.0,56.909923825017756,0.8904134035110474,B0034,45.702156883884484,68.11769076615103,mid
B0034,21,56.0,55.30846733565234,0.8904134035110474,B0034,44.100700394519066,66.51623427678561,mid
B0034,22,55.0,55.38870147678506,0.8904134035110474,B0034,44.18093453565179,66.59646841791833,mid
B0034,23,54.0,54.24645505595746,0.9220924973487854,B0034,23.12782814547314,85.36508196644178,early
B0034,24,53.0,53.47761605567614,0.9220924973487854,B0034,22.358989145191813,84.59624296616046,early
B0034,25,52.0,51.35294978496591,0.9220924973487854,B0034,20.234322874481585,82.47157669545024,early
B0034,26,51.0,50.164360107323745,0.9041773080825806,B0034,19.04573319683942,81.28298701780807,early
B0034,27,50.0,48.52736314912001,0.9041773080825806,B0034,17.40873623863569,79.64599005960434,early
B0034,28,49.0,46.72574216465395,0.9032691717147827,B0034,15.607115254169628,77.84436907513827,early
B0034,29,48.0,45.46309555398589,0.9012883305549622,B0034,14.344468643501564,76.5817224644702,early
B0034,30,47.0,43.205561849102274,0.8967483639717102,B0034,31.997794907969002,54.413328790235546,mid
B0034,31,46.0,42.525869433077844,0.8774417638778687,B0034,31.318102491944572,53.733636374211116,mid
B0034,32,45.0,40.747261571091734,0.8774417638778687,B0034,29.53949462995846,51.955028512225006,mid
B0034,33,44.0,39.19107133545794,0.8762383460998535,B0034,27.98330439432467,50.39883827659121,mid
B0034,34,43.0,37.692129819945016,0.8683457970619202,B0034,26.484362878811744,48.89989676107829,mid
B0034,35,42.0,36.5328138840365,0.8683457970619202,B0034,25.325046942903228,47.74058082516977,mid
B0034,36,41.0,35.512289057637076,0.8640257120132446,B0034,24.304522116503804,46.72005599877035,mid
B0034,37,40.0,34.50754251331594,0.8640257120132446,B0034,23.299775572182668,45.71530945444921,mid
B0034,38,39.0,30.40069900172673,0.8640257120132446,B0034,19.192932060593456,41.60846594286,mid
B0034,39,38.0,29.784025100832903,0.8968657851219177,B0034,18.57625815969963,40.99179204196618,mid
B0034,40,37.0,30.439613416709946,0.8968657851219177,B0034,19.231846475576674,41.64738035784322,mid
B0034,41,36.0,26.272990487413125,0.8968657851219177,B0034,15.065223546279853,37.4807574285464,mid
B0034,42,35.0,25.384926722623955,0.9020516276359558,B0034,0.0,56.50355363310828,early
B0034,43,34.0,24.278556320925034,0.9020516276359558,B0034,0.0,55.39718323140936,early
B0034,44,33.0,23.929141635421747,0.9177953600883484,B0034,0.0,55.04776854590607,early
B0034,45,32.0,28.185114832471125,0.9350966811180115,B0034,0.0,59.30374174295545,early
B0034,46,31.0,27.991639169581827,0.939795196056366,B0034,0.0,59.110266080066154,early
B0034,47,30.0,27.812311272141503,0.939795196056366,B0034,0.0,58.93093818262582,early
B0034,48,29.0,26.536248353200335,0.9331204295158386,B0034,0.0,57.65487526368466,early
B0034,49,28.0,24.563945373737965,0.9331204295158386,B0034,0.0,55.68257228422229,early
B0034,50,27.0,23.09567578172739,0.9252979755401611,B0034,0.0,54.21430269221172,early
B0034,51,26.0,21.491374760538903,0.9201858043670654,B0034,0.0,52.61000167102323,early
B0034,52,25.0,21.66103388833963,0.9147762060165405,B0034,0.0,52.779660798823954,early
B0034,53,24.0,21.250340526103443,0.9147762060165405,B0034,0.0,52.368967436587766,early
B0034,54,23.0,21.348192373699938,0.8914459347724915,B0034,10.140425432566666,32.55595931483321,mid
B0034,55,22.0,21.197520412134782,0.8853670954704285,B0034,9.98975347100151,32.40528735326805,mid
B0034,56,21.0,19.358783776237328,0.8853670954704285,B0034,8.151016835104056,30.5665507173706,mid
B0034,57,20.0,18.565552076273363,0.8853670954704285,B0034,7.357785135140091,29.773319017406635,mid
B0034,58,19.0,17.74493985172037,0.8821486234664917,B0034,6.537172910587099,28.952706792853643,mid
B0034,59,18.0,16.690208426554747,0.8821486234664917,B0034,5.482441485421475,27.89797536768802,mid
B0034,60,17.0,16.247231490407458,0.8580529689788818,B0034,5.039464549274186,27.45499843154073,mid
B0034,61,16.0,16.6857003007809,0.8580529689788818,B0034,5.477933359647629,27.893467241914173,mid
B0034,62,15.0,15.538306593736444,0.8580529689788818,B0034,4.330539652603171,26.746073534869716,mid
B0034,63,14.0,15.008633442534098,0.8779299259185791,B0034,3.800866501400826,26.21640038366737,mid
B0034,64,13.0,14.813319047370513,0.8779299259185791,B0034,3.6055521062372407,26.021085988503785,mid
B0034,65,12.0,9.203735471690926,0.8779299259185791,B0034,0.0,20.4115024128242,mid
B0034,66,11.0,9.75238499157998,0.8779299259185791,B0034,0.0,20.960151932713252,mid
B0034,67,10.0,10.34986306533932,0.8779299259185791,B0034,0.0,21.557630006472593,mid
B0034,68,9.0,10.128876531777017,0.9171018004417419,B0034,0.0,41.24750344226134,early
B0034,69,8.0,9.416197861873002,0.9171018004417419,B0034,0.0,40.534824772357325,early
B0034,70,7.0,7.650810039949981,0.9171018004417419,B0034,0.0,38.769436950434304,early
B0034,71,6.0,7.106774584906958,0.8789911866188049,B0034,0.0,18.31454152604023,mid
B0034,72,5.0,5.550344567846253,0.8789911866188049,B0034,0.0,16.758111508979525,mid
B0034,73,4.0,4.573901778454548,0.8789911866188049,B0034,0.0,15.78166871958782,mid
B0034,74,3.0,3.9108753428027114,0.86981600522995,B0034,0.0,15.118642283935984,mid
B0034,75,2.0,3.1624443442029246,0.86981600522995,B0034,0.0,14.370211285336197,mid
B0034,76,1.0,2.523588017808514,0.86981600522995,B0034,0.0,13.731354958941786,mid
B0034,77,0.0,0.9045376100885036,0.8379711508750916,B0034,0.0,12.112304551221776,mid
