rank,model,n,mae,rmse,mape,r2,bias,alpha_lambda,within_10_cycles
1,transformer,156,10.9964,12.9884,69.4755,0.79,-6.7575,0.3782,0.5192
2,ridge,156,11.8362,14.1929,78.2207,0.7493,-0.9866,0.4744,0.4423
3,gru,156,12.5205,14.6421,66.1801,0.7331,-7.0168,0.2692,0.4103
4,random_forest,156,15.4837,18.3992,138.1223,0.5786,3.315,0.3718,0.4167
5,lstm,156,14.9164,18.4843,91.5129,0.5747,-7.248,0.2821,0.4744
6,catboost,156,15.4677,19.0492,147.2523,0.5483,-0.2366,0.3974,0.4167
7,linear_regression,156,19.2061,19.7609,113.9828,0.5139,-3.9391,0.1154,0.0705
8,lightgbm,156,21.8507,24.2679,225.0962,0.2669,9.2958,0.2115,0.1731
9,xgboost,156,21.8933,24.3102,231.2381,0.2644,9.4574,0.2051,0.1731
