rank,model,n,mae,rmse,mape,smape,r2,median_ae,max_error,bias,alpha_lambda,within_10_cycles,within_25_cycles,prognostic_horizon,n_unscored
1,ridge,122,10.8324,13.1938,96.3736,31.3107,0.8596,8.8119,24.8518,3.6039,0.5902,0.5492,1.0,,0
2,transformer,103,11.6218,13.823,62.3728,33.2496,0.7839,10.0415,28.4106,-1.1937,0.3981,0.4854,0.8835,,19
3,gru,103,15.1018,16.8616,110.9498,42.1779,0.6784,17.1571,30.9465,3.4151,0.3495,0.2718,0.8932,,19
4,random_forest,122,19.1949,23.5063,139.012,41.8598,0.5545,17.477,51.2586,-5.1479,0.3607,0.3279,0.6557,,0
5,lightgbm,122,20.7673,23.617,129.2976,45.1058,0.5503,19.9472,44.0809,-4.34,0.2377,0.2131,0.6885,,0
6,lstm,103,19.4587,23.6505,53.2679,46.6317,0.3673,18.7201,49.3845,-6.3232,0.2427,0.2913,0.7379,0.0,19
7,xgboost,122,21.2152,24.2447,135.5327,45.8236,0.5261,21.3969,46.8821,-4.5488,0.2459,0.2213,0.6721,,0
8,catboost,122,21.8494,27.1882,161.8206,45.6278,0.404,19.2482,60.2177,-6.2127,0.3443,0.3361,0.5656,,0
9,linear_regression,122,31.1265,33.7961,68.1172,121.2681,0.0791,31.2931,53.0,-31.1265,0.0082,0.0902,0.3197,0.0,0
